TICKET,Comment
#1786828961
#1787342146
#1787342201
#1787342225
#1787493494
#1787511452
#1787910123
#1788130652
#1788130658
#1788140555
#1788140577
#1788140791
#1788148603
#1788161911
#1788170372
#1788462329
#1788475920
#1788497298
#1788506282
#1788506284
#1788506287
#1788506292
#1788553389
#1788553395
#1788553769
#1788554534
#1788654902
#1788659075
#1788659104
#1791179031
#1792152593
#1792155376
#1792225485
#1792232865
#1792263830
#1792292931
#1792310740
#1792313181
#1792314062
#1792314063
#1792314064
#1792316640
#1792317079
#1792317080
#1792317086
#1792317087
#1792317089
